"plot","path"
"diameter_distribution.png","G:\Benion\Benion Programmings\R\Analysis Result\41 AGBC John Kwaghgande/exported-figures/diameter_distribution.png"
"height_distribution.png","G:\Benion\Benion Programmings\R\Analysis Result\41 AGBC John Kwaghgande/exported-figures/height_distribution.png"
"crown_diameter_distribution.png","G:\Benion\Benion Programmings\R\Analysis Result\41 AGBC John Kwaghgande/exported-figures/crown_diameter_distribution.png"
"agb_tons_ha_distribution.png","G:\Benion\Benion Programmings\R\Analysis Result\41 AGBC John Kwaghgande/exported-figures/agb_tons_ha_distribution.png"
"agc_tons_ha_distribution.png","G:\Benion\Benion Programmings\R\Analysis Result\41 AGBC John Kwaghgande/exported-figures/agc_tons_ha_distribution.png"
"agb_kg_distribution.png","G:\Benion\Benion Programmings\R\Analysis Result\41 AGBC John Kwaghgande/exported-figures/agb_kg_distribution.png"
"agc_kg_distribution.png","G:\Benion\Benion Programmings\R\Analysis Result\41 AGBC John Kwaghgande/exported-figures/agc_kg_distribution.png"
"scatter_agbkg_vs_diameter.png","G:\Benion\Benion Programmings\R\Analysis Result\41 AGBC John Kwaghgande/exported-figures/scatter_agbkg_vs_diameter.png"
"scatter_agbtons_ha_vs_diameter.png","G:\Benion\Benion Programmings\R\Analysis Result\41 AGBC John Kwaghgande/exported-figures/scatter_agbtons_ha_vs_diameter.png"
"scatter_height_vs_diameter.png","G:\Benion\Benion Programmings\R\Analysis Result\41 AGBC John Kwaghgande/exported-figures/scatter_height_vs_diameter.png"
"species_trees_per_ha.png","G:\Benion\Benion Programmings\R\Analysis Result\41 AGBC John Kwaghgande/exported-figures/species_trees_per_ha.png"
"hist_summary_dbh_trees_ha.png","G:\Benion\Benion Programmings\R\Analysis Result\41 AGBC John Kwaghgande/exported-figures/hist_summary_dbh_trees_ha.png"
"boxplot_diameter.png","G:\Benion\Benion Programmings\R\Analysis Result\41 AGBC John Kwaghgande/exported-figures/boxplot_diameter.png"
"boxplot_height.png","G:\Benion\Benion Programmings\R\Analysis Result\41 AGBC John Kwaghgande/exported-figures/boxplot_height.png"
"boxplot_ba.png","G:\Benion\Benion Programmings\R\Analysis Result\41 AGBC John Kwaghgande/exported-figures/boxplot_ba.png"
